city;city_ibge_code;confirmed;confirmed_per_100k_inhabitants;date;death_rate;deaths;estimated_population_2019;is_last;place_type;state
Água Branca;2500106;0;;2020-03-24;;0;10234,0;True;city;PB
Aguiar;2500205;0;;2020-03-24;;0;5640,0;True;city;PB
Alagoa Grande;2500304;0;;2020-03-24;;0;28496,0;True;city;PB
Alagoa Nova;2500403;0;;2020-03-24;;0;20849,0;True;city;PB
Alagoinha;2500502;0;;2020-03-24;;0;14489,0;True;city;PB
Alcantil;2500536;0;;2020-03-24;;0;5492,0;True;city;PB
Algodão de Jandaíra;2500577;0;;2020-03-24;;0;2567,0;True;city;PB
Alhandra;2500601;0;;2020-03-24;;0;19588,0;True;city;PB
Amparo;2500734;0;;2020-03-24;;0;2238,0;True;city;PB
Aparecida;2500775;0;;2020-03-24;;0;8347,0;True;city;PB
Araçagi;2500809;0;;2020-03-24;;0;16987,0;True;city;PB
Arara;2500908;0;;2020-03-24;;0;13470,0;True;city;PB
Araruna;2501005;0;;2020-03-24;;0;20312,0;True;city;PB
Areia;2501104;0;;2020-03-24;;0;22819,0;True;city;PB
Areia de Baraúnas;2501153;0;;2020-03-24;;0;2128,0;True;city;PB
Areial;2501203;0;;2020-03-24;;0;6998,0;True;city;PB
Aroeiras;2501302;0;;2020-03-24;;0;19153,0;True;city;PB
Assunção;2501351;0;;2020-03-24;;0;3990,0;True;city;PB
Baía da Traição;2501401;0;;2020-03-24;;0;8993,0;True;city;PB
Bananeiras;2501500;0;;2020-03-24;;0;21318,0;True;city;PB
Baraúna;2501534;0;;2020-03-24;;0;4892,0;True;city;PB
Barra de Santana;2501575;0;;2020-03-24;;0;8359,0;True;city;PB
Barra de Santa Rosa;2501609;0;;2020-03-24;;0;15384,0;True;city;PB
Barra de São Miguel;2501708;0;;2020-03-24;;0;6036,0;True;city;PB
Bayeux;2501807;0;;2020-03-24;;0;96880,0;True;city;PB
Belém;2501906;0;;2020-03-24;;0;17676,0;True;city;PB
Belém do Brejo do Cruz;2502003;0;;2020-03-24;;0;7342,0;True;city;PB
Bernardino Batista;2502052;0;;2020-03-24;;0;3501,0;True;city;PB
Boa Ventura;2502102;0;;2020-03-24;;0;5366,0;True;city;PB
Boa Vista;2502151;0;;2020-03-24;;0;7051,0;True;city;PB
Bom Jesus;2502201;0;;2020-03-24;;0;2561,0;True;city;PB
Bom Sucesso;2502300;0;;2020-03-24;;0;4975,0;True;city;PB
Bonito de Santa Fé;2502409;0;;2020-03-24;;0;11917,0;True;city;PB
Boqueirão;2502508;0;;2020-03-24;;0;17804,0;True;city;PB
Borborema;2502706;0;;2020-03-24;;0;5263,0;True;city;PB
Brejo do Cruz;2502805;0;;2020-03-24;;0;14122,0;True;city;PB
Brejo dos Santos;2502904;0;;2020-03-24;;0;6449,0;True;city;PB
Caaporã;2503001;0;;2020-03-24;;0;21828,0;True;city;PB
Cabaceiras;2503100;0;;2020-03-24;;0;5611,0;True;city;PB
Cabedelo;2503209;0;;2020-03-24;;0;67736,0;True;city;PB
Cachoeira dos Índios;2503308;0;;2020-03-24;;0;10244,0;True;city;PB
Cacimba de Areia;2503407;0;;2020-03-24;;0;3682,0;True;city;PB
Cacimba de Dentro;2503506;0;;2020-03-24;;0;17187,0;True;city;PB
Cacimbas;2503555;0;;2020-03-24;;0;7173,0;True;city;PB
Caiçara;2503605;0;;2020-03-24;;0;7201,0;True;city;PB
Cajazeiras;2503704;0;;2020-03-24;;0;61993,0;True;city;PB
Cajazeirinhas;2503753;0;;2020-03-24;;0;3193,0;True;city;PB
Caldas Brandão;2503803;0;;2020-03-24;;0;6014,0;True;city;PB
Camalaú;2503902;0;;2020-03-24;;0;6013,0;True;city;PB
Campina Grande;2504009;0;;2020-03-24;;0;409731,0;True;city;PB
Capim;2504033;0;;2020-03-24;;0;6523,0;True;city;PB
Caraúbas;2504074;0;;2020-03-24;;0;4162,0;True;city;PB
Carrapateira;2504108;0;;2020-03-24;;0;2659,0;True;city;PB
Casserengue;2504157;0;;2020-03-24;;0;7468,0;True;city;PB
Catingueira;2504207;0;;2020-03-24;;0;4932,0;True;city;PB
Catolé do Rocha;2504306;0;;2020-03-24;;0;30546,0;True;city;PB
Caturité;2504355;0;;2020-03-24;;0;4852,0;True;city;PB
Conceição;2504405;0;;2020-03-24;;0;18982,0;True;city;PB
Condado;2504504;0;;2020-03-24;;0;6654,0;True;city;PB
Conde;2504603;0;;2020-03-24;;0;24670,0;True;city;PB
Congo;2504702;0;;2020-03-24;;0;4786,0;True;city;PB
Coremas;2504801;0;;2020-03-24;;0;15445,0;True;city;PB
Coxixola;2504850;0;;2020-03-24;;0;1921,0;True;city;PB
Cruz do Espírito Santo;2504900;0;;2020-03-24;;0;17319,0;True;city;PB
Cubati;2505006;0;;2020-03-24;;0;7797,0;True;city;PB
Cuité;2505105;0;;2020-03-24;;0;20338,0;True;city;PB
Cuité de Mamanguape;2505238;0;;2020-03-24;;0;6353,0;True;city;PB
Cuitegi;2505204;0;;2020-03-24;;0;6803,0;True;city;PB
Curral de Cima;2505279;0;;2020-03-24;;0;5227,0;True;city;PB
Curral Velho;2505303;0;;2020-03-24;;0;2516,0;True;city;PB
Damião;2505352;0;;2020-03-24;;0;5330,0;True;city;PB
Desterro;2505402;0;;2020-03-24;;0;8297,0;True;city;PB
Diamante;2505600;0;;2020-03-24;;0;6552,0;True;city;PB
Dona Inês;2505709;0;;2020-03-24;;0;10453,0;True;city;PB
Duas Estradas;2505808;0;;2020-03-24;;0;3596,0;True;city;PB
Emas;2505907;0;;2020-03-24;;0;3522,0;True;city;PB
Esperança;2506004;0;;2020-03-24;;0;33007,0;True;city;PB
Fagundes;2506103;0;;2020-03-24;;0;11253,0;True;city;PB
Frei Martinho;2506202;0;;2020-03-24;;0;2989,0;True;city;PB
Gado Bravo;2506251;0;;2020-03-24;;0;8316,0;True;city;PB
Guarabira;2506301;0;;2020-03-24;;0;58833,0;True;city;PB
Gurinhém;2506400;0;;2020-03-24;;0;14129,0;True;city;PB
Gurjão;2506509;0;;2020-03-24;;0;3428,0;True;city;PB
Ibiara;2506608;0;;2020-03-24;;0;5929,0;True;city;PB
Igaracy;2502607;1;16,34788;2020-03-24;;0;6117,0;True;city;PB
Imaculada;2506707;0;;2020-03-24;;0;11819,0;True;city;PB
Importados;;0;;2020-03-24;;0;;True;city;PB
Ingá;2506806;0;;2020-03-24;;0;18103,0;True;city;PB
Itabaiana;2506905;0;;2020-03-24;;0;24477,0;True;city;PB
Itaporanga;2507002;0;;2020-03-24;;0;24692,0;True;city;PB
Itapororoca;2507101;0;;2020-03-24;;0;18664,0;True;city;PB
Itatuba;2507200;0;;2020-03-24;;0;10962,0;True;city;PB
Jacaraú;2507309;0;;2020-03-24;;0;14431,0;True;city;PB
Jericó;2507408;0;;2020-03-24;;0;7739,0;True;city;PB
João Pessoa;2507507;2;0,24721;2020-03-24;;0;809015,0;True;city;PB
Joca Claudino;2513653;0;;2020-03-24;;0;2636,0;True;city;PB
Juarez Távora;2507606;0;;2020-03-24;;0;7936,0;True;city;PB
Juazeirinho;2507705;0;;2020-03-24;;0;18171,0;True;city;PB
Junco do Seridó;2507804;0;;2020-03-24;;0;7150,0;True;city;PB
Juripiranga;2507903;0;;2020-03-24;;0;10756,0;True;city;PB
Juru;2508000;0;;2020-03-24;;0;9867,0;True;city;PB
Lagoa;2508109;0;;2020-03-24;;0;4666,0;True;city;PB
Lagoa de Dentro;2508208;0;;2020-03-24;;0;7719,0;True;city;PB
Lagoa Seca;2508307;0;;2020-03-24;;0;27503,0;True;city;PB
Lastro;2508406;0;;2020-03-24;;0;2737,0;True;city;PB
Livramento;2508505;0;;2020-03-24;;0;7256,0;True;city;PB
Logradouro;2508554;0;;2020-03-24;;0;4332,0;True;city;PB
Lucena;2508604;0;;2020-03-24;;0;13080,0;True;city;PB
Mãe d'Água;2508703;0;;2020-03-24;;0;4009,0;True;city;PB
Malta;2508802;0;;2020-03-24;;0;5759,0;True;city;PB
Mamanguape;2508901;0;;2020-03-24;;0;44882,0;True;city;PB
Manaíra;2509008;0;;2020-03-24;;0;10955,0;True;city;PB
Marcação;2509057;0;;2020-03-24;;0;8558,0;True;city;PB
Mari;2509107;0;;2020-03-24;;0;21837,0;True;city;PB
Marizópolis;2509156;0;;2020-03-24;;0;6617,0;True;city;PB
Massaranduba;2509206;0;;2020-03-24;;0;13918,0;True;city;PB
Mataraca;2509305;0;;2020-03-24;;0;8434,0;True;city;PB
Matinhas;2509339;0;;2020-03-24;;0;4500,0;True;city;PB
Mato Grosso;2509370;0;;2020-03-24;;0;2908,0;True;city;PB
Maturéia;2509396;0;;2020-03-24;;0;6569,0;True;city;PB
Mogeiro;2509404;0;;2020-03-24;;0;13284,0;True;city;PB
Montadas;2509503;0;;2020-03-24;;0;5669,0;True;city;PB
Monte Horebe;2509602;0;;2020-03-24;;0;4816,0;True;city;PB
Monteiro;2509701;0;;2020-03-24;;0;33222,0;True;city;PB
Mulungu;2509800;0;;2020-03-24;;0;9902,0;True;city;PB
Natuba;2509909;0;;2020-03-24;;0;10454,0;True;city;PB
Nazarezinho;2510006;0;;2020-03-24;;0;7301,0;True;city;PB
Nova Floresta;2510105;0;;2020-03-24;;0;10638,0;True;city;PB
Nova Olinda;2510204;0;;2020-03-24;;0;5949,0;True;city;PB
Nova Palmeira;2510303;0;;2020-03-24;;0;4906,0;True;city;PB
Olho d'Água;2510402;0;;2020-03-24;;0;6526,0;True;city;PB
Olivedos;2510501;0;;2020-03-24;;0;3932,0;True;city;PB
Ouro Velho;2510600;0;;2020-03-24;;0;3039,0;True;city;PB
Parari;2510659;0;;2020-03-24;;0;1771,0;True;city;PB
Passagem;2510709;0;;2020-03-24;;0;2419,0;True;city;PB
Patos;2510808;0;;2020-03-24;;0;107605,0;True;city;PB
Paulista;2510907;0;;2020-03-24;;0;12347,0;True;city;PB
Pedra Branca;2511004;0;;2020-03-24;;0;3801,0;True;city;PB
Pedra Lavrada;2511103;0;;2020-03-24;;0;7843,0;True;city;PB
Pedras de Fogo;2511202;0;;2020-03-24;;0;28458,0;True;city;PB
Pedro Régis;2512721;0;;2020-03-24;;0;6089,0;True;city;PB
Piancó;2511301;0;;2020-03-24;;0;16075,0;True;city;PB
Picuí;2511400;0;;2020-03-24;;0;18703,0;True;city;PB
Pilar;2511509;0;;2020-03-24;;0;11917,0;True;city;PB
Pilões;2511608;0;;2020-03-24;;0;6635,0;True;city;PB
Pilõezinhos;2511707;0;;2020-03-24;;0;4976,0;True;city;PB
Pirpirituba;2511806;0;;2020-03-24;;0;10579,0;True;city;PB
Pitimbu;2511905;0;;2020-03-24;;0;19065,0;True;city;PB
Pocinhos;2512002;0;;2020-03-24;;0;18564,0;True;city;PB
Poço Dantas;2512036;0;;2020-03-24;;0;3888,0;True;city;PB
Poço de José de Moura;2512077;0;;2020-03-24;;0;4307,0;True;city;PB
Pombal;2512101;0;;2020-03-24;;0;32801,0;True;city;PB
Prata;2512200;0;;2020-03-24;;0;4209,0;True;city;PB
Princesa Isabel;2512309;0;;2020-03-24;;0;23345,0;True;city;PB
Puxinanã;2512408;0;;2020-03-24;;0;13680,0;True;city;PB
Queimadas;2512507;0;;2020-03-24;;0;43967,0;True;city;PB
Quixaba;2512606;0;;2020-03-24;;0;1956,0;True;city;PB
Remígio;2512705;0;;2020-03-24;;0;19621,0;True;city;PB
Riachão;2512747;0;;2020-03-24;;0;3588,0;True;city;PB
Riachão do Bacamarte;2512754;0;;2020-03-24;;0;4521,0;True;city;PB
Riachão do Poço;2512762;0;;2020-03-24;;0;4509,0;True;city;PB
Riacho de Santo Antônio;2512788;0;;2020-03-24;;0;1948,0;True;city;PB
Riacho dos Cavalos;2512804;0;;2020-03-24;;0;8526,0;True;city;PB
Rio Tinto;2512903;0;;2020-03-24;;0;24176,0;True;city;PB
Salgadinho;2513000;0;;2020-03-24;;0;3885,0;True;city;PB
Salgado de São Félix;2513109;0;;2020-03-24;;0;12140,0;True;city;PB
Santa Cecília;2513158;0;;2020-03-24;;0;6558,0;True;city;PB
Santa Cruz;2513208;0;;2020-03-24;;0;6583,0;True;city;PB
Santa Helena;2513307;0;;2020-03-24;;0;5889,0;True;city;PB
Santa Inês;2513356;0;;2020-03-24;;0;3595,0;True;city;PB
Santa Luzia;2513406;0;;2020-03-24;;0;15382,0;True;city;PB
Santana de Mangueira;2513505;0;;2020-03-24;;0;5162,0;True;city;PB
Santana dos Garrotes;2513604;0;;2020-03-24;;0;7031,0;True;city;PB
Santa Rita;2513703;0;;2020-03-24;;0;136586,0;True;city;PB
Santa Teresinha;2513802;0;;2020-03-24;;0;4573,0;True;city;PB
Santo André;2513851;0;;2020-03-24;;0;2521,0;True;city;PB
São Bentinho;2513927;0;;2020-03-24;;0;4529,0;True;city;PB
São Bento;2513901;0;;2020-03-24;;0;34031,0;True;city;PB
São Domingos;2513968;0;;2020-03-24;;0;3073,0;True;city;PB
São Domingos do Cariri;2513943;0;;2020-03-24;;0;2615,0;True;city;PB
São Francisco;2513984;0;;2020-03-24;;0;3392,0;True;city;PB
São João do Cariri;2514008;0;;2020-03-24;;0;4199,0;True;city;PB
São João do Rio do Peixe;2500700;0;;2020-03-24;;0;18034,0;True;city;PB
São João do Tigre;2514107;0;;2020-03-24;;0;4422,0;True;city;PB
São José da Lagoa Tapada;2514206;0;;2020-03-24;;0;7630,0;True;city;PB
São José de Caiana;2514305;0;;2020-03-24;;0;6359,0;True;city;PB
São José de Espinharas;2514404;0;;2020-03-24;;0;4682,0;True;city;PB
São José de Piranhas;2514503;0;;2020-03-24;;0;20251,0;True;city;PB
São José de Princesa;2514552;0;;2020-03-24;;0;4003,0;True;city;PB
São José do Bonfim;2514602;0;;2020-03-24;;0;3557,0;True;city;PB
São José do Brejo do Cruz;2514651;0;;2020-03-24;;0;1801,0;True;city;PB
São José do Sabugi;2514701;0;;2020-03-24;;0;4141,0;True;city;PB
São José dos Cordeiros;2514800;0;;2020-03-24;;0;3628,0;True;city;PB
São José dos Ramos;2514453;0;;2020-03-24;;0;5957,0;True;city;PB
São Mamede;2514909;0;;2020-03-24;;0;7724,0;True;city;PB
São Miguel de Taipu;2515005;0;;2020-03-24;;0;7368,0;True;city;PB
São Sebastião de Lagoa de Roça;2515104;0;;2020-03-24;;0;11661,0;True;city;PB
São Sebastião do Umbuzeiro;2515203;0;;2020-03-24;;0;3489,0;True;city;PB
São Vicente do Seridó;2515401;0;;2020-03-24;;0;10775,0;True;city;PB
Sapé;2515302;0;;2020-03-24;;0;52625,0;True;city;PB
Serra Branca;2515500;0;;2020-03-24;;0;13699,0;True;city;PB
Serra da Raiz;2515609;0;;2020-03-24;;0;3148,0;True;city;PB
Serra Grande;2515708;0;;2020-03-24;;0;2909,0;True;city;PB
Serra Redonda;2515807;0;;2020-03-24;;0;7041,0;True;city;PB
Serraria;2515906;0;;2020-03-24;;0;6099,0;True;city;PB
Sertãozinho;2515930;0;;2020-03-24;;0;5024,0;True;city;PB
Sobrado;2515971;0;;2020-03-24;;0;7783,0;True;city;PB
Solânea;2516003;0;;2020-03-24;;0;26407,0;True;city;PB
Soledade;2516102;0;;2020-03-24;;0;14989,0;True;city;PB
Sossêgo;2516151;0;;2020-03-24;;0;3555,0;True;city;PB
Sousa;2516201;0;;2020-03-24;;0;69444,0;True;city;PB
Sumé;2516300;0;;2020-03-24;;0;16966,0;True;city;PB
Tacima;2516409;0;;2020-03-24;;0;10911,0;True;city;PB
Taperoá;2516508;0;;2020-03-24;;0;15376,0;True;city;PB
Tavares;2516607;0;;2020-03-24;;0;14726,0;True;city;PB
Teixeira;2516706;0;;2020-03-24;;0;15161,0;True;city;PB
Tenório;2516755;0;;2020-03-24;;0;3058,0;True;city;PB
Triunfo;2516805;0;;2020-03-24;;0;9455,0;True;city;PB
Uiraúna;2516904;0;;2020-03-24;;0;15242,0;True;city;PB
Umbuzeiro;2517001;0;;2020-03-24;;0;9907,0;True;city;PB
Várzea;2517100;0;;2020-03-24;;0;2810,0;True;city;PB
Vieirópolis;2517209;0;;2020-03-24;;0;5348,0;True;city;PB
Vista Serrana;2505501;0;;2020-03-24;;0;3798,0;True;city;PB
Zabelê;2517407;0;;2020-03-24;;0;2240,0;True;city;PB
;25;3;0,07466;2020-03-24;;0;4018127,0;True;state;PB
Acrelândia;1200013;0;;2020-03-23;;0;15256,0;True;city;AC
Assis Brasil;1200054;0;;2020-03-23;;0;7417,0;True;city;AC
Brasiléia;1200104;0;;2020-03-23;;0;26278,0;True;city;AC
Bujari;1200138;0;;2020-03-23;;0;10266,0;True;city;AC
Capixaba;1200179;0;;2020-03-23;;0;11733,0;True;city;AC
Cruzeiro do Sul;1200203;0;;2020-03-23;;0;88376,0;True;city;AC
Epitaciolândia;1200252;0;;2020-03-23;;0;18411,0;True;city;AC
Feijó;1200302;0;;2020-03-23;;0;34780,0;True;city;AC
Importados;;0;;2020-03-23;;0;;True;city;AC
Jordão;1200328;0;;2020-03-23;;0;8317,0;True;city;AC
Mâncio Lima;1200336;0;;2020-03-23;;0;18977,0;True;city;AC
Manoel Urbano;1200344;0;;2020-03-23;;0;9459,0;True;city;AC
Marechal Thaumaturgo;1200351;0;;2020-03-23;;0;18867,0;True;city;AC
Plácido de Castro;1200385;0;;2020-03-23;;0;19761,0;True;city;AC
Porto Acre;1200807;0;;2020-03-23;;0;18504,0;True;city;AC
Porto Walter;1200393;0;;2020-03-23;;0;11982,0;True;city;AC
Rio Branco;1200401;17;4,17363;2020-03-23;;0;407319,0;True;city;AC
Rodrigues Alves;1200427;0;;2020-03-23;;0;18930,0;True;city;AC
Santa Rosa do Purus;1200435;0;;2020-03-23;;0;6540,0;True;city;AC
Senador Guiomard;1200450;0;;2020-03-23;;0;23024,0;True;city;AC
Sena Madureira;1200500;0;;2020-03-23;;0;45848,0;True;city;AC
Tarauacá;1200609;0;;2020-03-23;;0;42567,0;True;city;AC
Xapuri;1200708;0;;2020-03-23;;0;19323,0;True;city;AC
;12;17;1,92758;2020-03-23;;0;881935,0;True;state;AC
Água Branca;2700102;0;;2020-03-23;;0;20196,0;True;city;AL
Anadia;2700201;0;;2020-03-23;;0;17545,0;True;city;AL
Arapiraca;2700300;0;;2020-03-23;;0;231747,0;True;city;AL
Atalaia;2700409;0;;2020-03-23;;0;47185,0;True;city;AL
Barra de Santo Antônio;2700508;0;;2020-03-23;;0;15932,0;True;city;AL
Barra de São Miguel;2700607;0;;2020-03-23;;0;8322,0;True;city;AL
Batalha;2700706;0;;2020-03-23;;0;18232,0;True;city;AL
Belém;2700805;0;;2020-03-23;;0;4344,0;True;city;AL
Belo Monte;2700904;0;;2020-03-23;;0;6704,0;True;city;AL
Boca da Mata;2701001;0;;2020-03-23;;0;27281,0;True;city;AL
Branquinha;2701100;0;;2020-03-23;;0;10494,0;True;city;AL
Cacimbinhas;2701209;0;;2020-03-23;;0;10858,0;True;city;AL
Cajueiro;2701308;0;;2020-03-23;;0;21264,0;True;city;AL
Campestre;2701357;0;;2020-03-23;;0;6936,0;True;city;AL
Campo Alegre;2701407;0;;2020-03-23;;0;57063,0;True;city;AL
Campo Grande;2701506;0;;2020-03-23;;0;9558,0;True;city;AL
Canapi;2701605;0;;2020-03-23;;0;17722,0;True;city;AL
Capela;2701704;0;;2020-03-23;;0;17053,0;True;city;AL
Carneiros;2701803;0;;2020-03-23;;0;9081,0;True;city;AL
Chã Preta;2701902;0;;2020-03-23;;0;7311,0;True;city;AL
Coité do Nóia;2702009;0;;2020-03-23;;0;10693,0;True;city;AL
Colônia Leopoldina;2702108;0;;2020-03-23;;0;21698,0;True;city;AL
Coqueiro Seco;2702207;0;;2020-03-23;;0;5845,0;True;city;AL
Coruripe;2702306;0;;2020-03-23;;0;56933,0;True;city;AL
Craíbas;2702355;0;;2020-03-23;;0;24219,0;True;city;AL
Delmiro Gouveia;2702405;0;;2020-03-23;;0;52016,0;True;city;AL
Dois Riachos;2702504;0;;2020-03-23;;0;11075,0;True;city;AL
Estrela de Alagoas;2702553;0;;2020-03-23;;0;18205,0;True;city;AL
Feira Grande;2702603;0;;2020-03-23;;0;22166,0;True;city;AL
Feliz Deserto;2702702;0;;2020-03-23;;0;4754,0;True;city;AL
Flexeiras;2702801;0;;2020-03-23;;0;12790,0;True;city;AL
Girau do Ponciano;2702900;0;;2020-03-23;;0;40917,0;True;city;AL
Ibateguara;2703007;0;;2020-03-23;;0;15616,0;True;city;AL
Igaci;2703106;0;;2020-03-23;;0;25631,0;True;city;AL
Igreja Nova;2703205;0;;2020-03-23;;0;24499,0;True;city;AL
Importados;;0;;2020-03-23;;0;;True;city;AL
Inhapi;2703304;0;;2020-03-23;;0;18385,0;True;city;AL
Jacaré dos Homens;2703403;0;;2020-03-23;;0;5253,0;True;city;AL
Jacuípe;2703502;0;;2020-03-23;;0;7021,0;True;city;AL
Japaratinga;2703601;0;;2020-03-23;;0;8361,0;True;city;AL
Jaramataia;2703700;0;;2020-03-23;;0;5770,0;True;city;AL
Jequiá da Praia;2703759;0;;2020-03-23;;0;11580,0;True;city;AL
Joaquim Gomes;2703809;0;;2020-03-23;;0;23993,0;True;city;AL
Jundiá;2703908;0;;2020-03-23;;0;4155,0;True;city;AL
Junqueiro;2704005;0;;2020-03-23;;0;24727,0;True;city;AL
Lagoa da Canoa;2704104;0;;2020-03-23;;0;17852,0;True;city;AL
Limoeiro de Anadia;2704203;0;;2020-03-23;;0;28635,0;True;city;AL
Maceió;2704302;8;0,78512;2020-03-23;;0;1018948,0;True;city;AL
Major Isidoro;2704401;0;;2020-03-23;;0;19804,0;True;city;AL
Maragogi;2704500;0;;2020-03-23;;0;32704,0;True;city;AL
Maravilha;2704609;0;;2020-03-23;;0;9163,0;True;city;AL
Marechal Deodoro;2704708;0;;2020-03-23;;0;51901,0;True;city;AL
Maribondo;2704807;0;;2020-03-23;;0;13264,0;True;city;AL
Mar Vermelho;2704906;0;;2020-03-23;;0;3514,0;True;city;AL
Mata Grande;2705002;0;;2020-03-23;;0;25216,0;True;city;AL
Matriz de Camaragibe;2705101;0;;2020-03-23;;0;24642,0;True;city;AL
Messias;2705200;0;;2020-03-23;;0;17856,0;True;city;AL
Minador do Negrão;2705309;0;;2020-03-23;;0;5329,0;True;city;AL
Monteirópolis;2705408;0;;2020-03-23;;0;7159,0;True;city;AL
Murici;2705507;0;;2020-03-23;;0;28236,0;True;city;AL
Novo Lino;2705606;0;;2020-03-23;;0;12690,0;True;city;AL
Olho d'Água das Flores;2705705;0;;2020-03-23;;0;21688,0;True;city;AL
Olho d'Água do Casado;2705804;0;;2020-03-23;;0;9373,0;True;city;AL
Olho d'Água Grande;2705903;0;;2020-03-23;;0;5123,0;True;city;AL
Olivença;2706000;0;;2020-03-23;;0;11624,0;True;city;AL
Ouro Branco;2706109;0;;2020-03-23;;0;11496,0;True;city;AL
Palestina;2706208;0;;2020-03-23;;0;5011,0;True;city;AL
Palmeira dos Índios;2706307;0;;2020-03-23;;0;73218,0;True;city;AL
Pão de Açúcar;2706406;0;;2020-03-23;;0;24399,0;True;city;AL
Pariconha;2706422;0;;2020-03-23;;0;10533,0;True;city;AL
Paripueira;2706448;0;;2020-03-23;;0;13176,0;True;city;AL
Passo de Camaragibe;2706505;0;;2020-03-23;;0;15245,0;True;city;AL
Paulo Jacinto;2706604;0;;2020-03-23;;0;7564,0;True;city;AL
Penedo;2706703;0;;2020-03-23;;0;63683,0;True;city;AL
Piaçabuçu;2706802;0;;2020-03-23;;0;17827,0;True;city;AL
Pilar;2706901;0;;2020-03-23;;0;35111,0;True;city;AL
Pindoba;2707008;0;;2020-03-23;;0;2908,0;True;city;AL
Piranhas;2707107;0;;2020-03-23;;0;25039,0;True;city;AL
Poço das Trincheiras;2707206;0;;2020-03-23;;0;14386,0;True;city;AL
Porto Calvo;2707305;0;;2020-03-23;;0;27165,0;True;city;AL
Porto de Pedras;2707404;0;;2020-03-23;;0;7786,0;True;city;AL
Porto Real do Colégio;2707503;0;;2020-03-23;;0;20066,0;True;city;AL
Quebrangulo;2707602;0;;2020-03-23;;0;11294,0;True;city;AL
Rio Largo;2707701;0;;2020-03-23;;0;75120,0;True;city;AL
Roteiro;2707800;0;;2020-03-23;;0;6664,0;True;city;AL
Santa Luzia do Norte;2707909;0;;2020-03-23;;0;7296,0;True;city;AL
Santana do Ipanema;2708006;0;;2020-03-23;;0;47654,0;True;city;AL
Santana do Mundaú;2708105;0;;2020-03-23;;0;10740,0;True;city;AL
São Brás;2708204;0;;2020-03-23;;0;6961,0;True;city;AL
São José da Laje;2708303;0;;2020-03-23;;0;23927,0;True;city;AL
São José da Tapera;2708402;0;;2020-03-23;;0;32260,0;True;city;AL
São Luís do Quitunde;2708501;0;;2020-03-23;;0;34555,0;True;city;AL
São Miguel dos Campos;2708600;0;;2020-03-23;;0;61251,0;True;city;AL
São Miguel dos Milagres;2708709;0;;2020-03-23;;0;7951,0;True;city;AL
São Sebastião;2708808;0;;2020-03-23;;0;34152,0;True;city;AL
Satuba;2708907;0;;2020-03-23;;0;13828,0;True;city;AL
Senador Rui Palmeira;2708956;0;;2020-03-23;;0;13870,0;True;city;AL
Tanque d'Arca;2709004;0;;2020-03-23;;0;6162,0;True;city;AL
Taquarana;2709103;0;;2020-03-23;;0;19980,0;True;city;AL
Teotônio Vilela;2709152;0;;2020-03-23;;0;44169,0;True;city;AL
Traipu;2709202;0;;2020-03-23;;0;27715,0;True;city;AL
União dos Palmares;2709301;0;;2020-03-23;;0;65611,0;True;city;AL
Viçosa;2709400;0;;2020-03-23;;0;25733,0;True;city;AL
;27;8;0,23971;2020-03-23;;0;3337357,0;True;state;AL
Alvarães;1300029;0;;2020-03-23;;0;16041,0;True;city;AM
Amaturá;1300060;0;;2020-03-23;;0;11536,0;True;city;AM
Anamã;1300086;0;;2020-03-23;;0;13614,0;True;city;AM
Anori;1300102;0;;2020-03-23;;0;21010,0;True;city;AM
Apuí;1300144;0;;2020-03-23;;0;21973,0;True;city;AM
Atalaia do Norte;1300201;0;;2020-03-23;;0;19921,0;True;city;AM
Autazes;1300300;0;;2020-03-23;;0;39565,0;True;city;AM
Barcelos;1300409;0;;2020-03-23;;0;27502,0;True;city;AM
Barreirinha;1300508;0;;2020-03-23;;0;32041,0;True;city;AM
Benjamin Constant;1300607;0;;2020-03-23;;0;42984,0;True;city;AM
Beruri;1300631;0;;2020-03-23;;0;19679,0;True;city;AM
Boa Vista do Ramos;1300680;0;;2020-03-23;;0;19207,0;True;city;AM
Boca do Acre;1300706;0;;2020-03-23;;0;34308,0;True;city;AM
Borba;1300805;0;;2020-03-23;;0;41161,0;True;city;AM
Caapiranga;1300839;0;;2020-03-23;;0;13081,0;True;city;AM
Canutama;1300904;0;;2020-03-23;;0;15629,0;True;city;AM
Carauari;1301001;0;;2020-03-23;;0;28294,0;True;city;AM
Careiro;1301100;0;;2020-03-23;;0;37869,0;True;city;AM
Careiro da Várzea;1301159;0;;2020-03-23;;0;30225,0;True;city;AM
Coari;1301209;0;;2020-03-23;;0;85097,0;True;city;AM
Codajás;1301308;0;;2020-03-23;;0;28637,0;True;city;AM
Eirunepé;1301407;0;;2020-03-23;;0;35273,0;True;city;AM
Envira;1301506;0;;2020-03-23;;0;20033,0;True;city;AM
Fonte Boa;1301605;0;;2020-03-23;;0;17609,0;True;city;AM
Guajará;1301654;0;;2020-03-23;;0;16678,0;True;city;AM
Humaitá;1301704;0;;2020-03-23;;0;55080,0;True;city;AM
Importados;;0;;2020-03-23;;0;;True;city;AM
Ipixuna;1301803;0;;2020-03-23;;0;29689,0;True;city;AM
Iranduba;1301852;0;;2020-03-23;;0;48296,0;True;city;AM
Itacoatiara;1301902;0;;2020-03-23;;0;101337,0;True;city;AM
Itamarati;1301951;0;;2020-03-23;;0;7851,0;True;city;AM
Itapiranga;1302009;0;;2020-03-23;;0;9148,0;True;city;AM
Japurá;1302108;0;;2020-03-23;;0;2755,0;True;city;AM
Juruá;1302207;0;;2020-03-23;;0;14712,0;True;city;AM
Jutaí;1302306;0;;2020-03-23;;0;14317,0;True;city;AM
Lábrea;1302405;0;;2020-03-23;;0;46069,0;True;city;AM
Manacapuru;1302504;0;;2020-03-23;;0;97377,0;True;city;AM
Manaquiri;1302553;0;;2020-03-23;;0;32105,0;True;city;AM
Manaus;1302603;31;1,42022;2020-03-23;;0;2182763,0;True;city;AM
Manicoré;1302702;0;;2020-03-23;;0;55751,0;True;city;AM
Maraã;1302801;0;;2020-03-23;;0;18224,0;True;city;AM
Maués;1302900;0;;2020-03-23;;0;63905,0;True;city;AM
Nhamundá;1303007;0;;2020-03-23;;0;21173,0;True;city;AM
Nova Olinda do Norte;1303106;0;;2020-03-23;;0;37378,0;True;city;AM
Novo Airão;1303205;0;;2020-03-23;;0;19454,0;True;city;AM
Novo Aripuanã;1303304;0;;2020-03-23;;0;25644,0;True;city;AM
Parintins;1303403;1;0,8751;2020-03-23;;0;114273,0;True;city;AM
Pauini;1303502;0;;2020-03-23;;0;19426,0;True;city;AM
Presidente Figueiredo;1303536;0;;2020-03-23;;0;36279,0;True;city;AM
Rio Preto da Eva;1303569;0;;2020-03-23;;0;33347,0;True;city;AM
Santa Isabel do Rio Negro;1303601;0;;2020-03-23;;0;25156,0;True;city;AM
Santo Antônio do Içá;1303700;0;;2020-03-23;;0;21602,0;True;city;AM
São Gabriel da Cachoeira;1303809;0;;2020-03-23;;0;45564,0;True;city;AM
São Paulo de Olivença;1303908;0;;2020-03-23;;0;39299,0;True;city;AM
São Sebastião do Uatumã;1303957;0;;2020-03-23;;0;14020,0;True;city;AM
Silves;1304005;0;;2020-03-23;;0;9171,0;True;city;AM
Tabatinga;1304062;0;;2020-03-23;;0;65844,0;True;city;AM
Tapauá;1304104;0;;2020-03-23;;0;17156,0;True;city;AM
Tefé;1304203;0;;2020-03-23;;0;59849,0;True;city;AM
Tonantins;1304237;0;;2020-03-23;;0;18755,0;True;city;AM
Uarini;1304260;0;;2020-03-23;;0;13540,0;True;city;AM
Urucará;1304302;0;;2020-03-23;;0;16256,0;True;city;AM
Urucurituba;1304401;0;;2020-03-23;;0;23065,0;True;city;AM
;13;32;0,77209;2020-03-23;;0;4144597,0;True;state;AM
Amapá;1600105;0;;2020-03-23;;0;9109,0;True;city;AP
Calçoene;1600204;0;;2020-03-23;;0;11117,0;True;city;AP
Cutias;1600212;0;;2020-03-23;;0;5983,0;True;city;AP
Ferreira Gomes;1600238;0;;2020-03-23;;0;7780,0;True;city;AP
Importados;;0;;2020-03-23;;0;;True;city;AP
Itaubal;1600253;0;;2020-03-23;;0;5503,0;True;city;AP
Laranjal do Jari;1600279;0;;2020-03-23;;0;50410,0;True;city;AP
Macapá;1600303;1;0,19868;2020-03-23;;0;503327,0;True;city;AP
Mazagão;1600402;0;;2020-03-23;;0;21632,0;True;city;AP
Oiapoque;1600501;0;;2020-03-23;;0;27270,0;True;city;AP
Pedra Branca do Amapari;1600154;0;;2020-03-23;;0;16502,0;True;city;AP
Porto Grande;1600535;0;;2020-03-23;;0;21971,0;True;city;AP
Pracuúba;1600550;0;;2020-03-23;;0;5120,0;True;city;AP
Santana;1600600;0;;2020-03-23;;0;121364,0;True;city;AP
Serra do Navio;1600055;0;;2020-03-23;;0;5397,0;True;city;AP
Tartarugalzinho;1600709;0;;2020-03-23;;0;17315,0;True;city;AP
Vitória do Jari;1600808;0;;2020-03-23;;0;15931,0;True;city;AP
;16;1;0,11824;2020-03-23;;0;845731,0;True;state;AP
Abaíra;2900108;0;;2020-03-23;;0;8739,0;True;city;BA
Abaré;2900207;0;;2020-03-23;;0;20086,0;True;city;BA
Acajutiba;2900306;0;;2020-03-23;;0;15159,0;True;city;BA
Adustina;2900355;0;;2020-03-23;;0;17040,0;True;city;BA
Água Fria;2900405;0;;2020-03-23;;0;16970,0;True;city;BA
Aiquara;2900603;0;;2020-03-23;;0;4446,0;True;city;BA
Alagoinhas;2900702;0;;2020-03-23;;0;151596,0;True;city;BA
Alcobaça;2900801;0;;2020-03-23;;0;22470,0;True;city;BA
Almadina;2900900;0;;2020-03-23;;0;5464,0;True;city;BA
Amargosa;2901007;0;;2020-03-23;;0;37241,0;True;city;BA
Amélia Rodrigues;2901106;0;;2020-03-23;;0;25102,0;True;city;BA
América Dourada;2901155;0;;2020-03-23;;0;16094,0;True;city;BA
Anagé;2901205;0;;2020-03-23;;0;17857,0;True;city;BA
Andaraí;2901304;0;;2020-03-23;;0;13143,0;True;city;BA
Andorinha;2901353;0;;2020-03-23;;0;14595,0;True;city;BA
Angical;2901403;0;;2020-03-23;;0;13977,0;True;city;BA
Anguera;2901502;0;;2020-03-23;;0;11221,0;True;city;BA
Antas;2901601;0;;2020-03-23;;0;19291,0;True;city;BA
Antônio Cardoso;2901700;0;;2020-03-23;;0;11683,0;True;city;BA
Antônio Gonçalves;2901809;0;;2020-03-23;;0;11798,0;True;city;BA
Aporá;2901908;0;;2020-03-23;;0;17731,0;True;city;BA
Apuarema;2901957;0;;2020-03-23;;0;7330,0;True;city;BA
Araças;2902054;0;;2020-03-23;;0;12177,0;True;city;BA
Aracatu;2902005;0;;2020-03-23;;0;13135,0;True;city;BA
Araci;2902104;0;;2020-03-23;;0;54379,0;True;city;BA
Aramari;2902203;0;;2020-03-23;;0;11397,0;True;city;BA
Arataca;2902252;0;;2020-03-23;;0;11019,0;True;city;BA
Aratuípe;2902302;0;;2020-03-23;;0;8825,0;True;city;BA
Aurelino Leal;2902401;0;;2020-03-23;;0;11531,0;True;city;BA
Baianópolis;2902500;0;;2020-03-23;;0;13877,0;True;city;BA
Baixa Grande;2902609;0;;2020-03-23;;0;20468,0;True;city;BA
Banzaê;2902658;0;;2020-03-23;;0;13229,0;True;city;BA
Barra;2902708;0;;2020-03-23;;0;53578,0;True;city;BA
Barra da Estiva;2902807;0;;2020-03-23;;0;20598,0;True;city;BA
Barra do Choça;2902906;0;;2020-03-23;;0;31603,0;True;city;BA
Barra do Mendes;2903003;0;;2020-03-23;;0;13865,0;True;city;BA
Barra do Rocha;2903102;0;;2020-03-23;;0;5714,0;True;city;BA
Barreiras;2903201;1;0,64334;2020-03-23;;0;155439,0;True;city;BA
Barro Alto;2903235;0;;2020-03-23;;0;14931,0;True;city;BA
Barrocas;2903276;0;;2020-03-23;;0;15978,0;True;city;BA
Barro Preto;2903300;0;;2020-03-23;;0;5591,0;True;city;BA
Belmonte;2903409;0;;2020-03-23;;0;23328,0;True;city;BA
Belo Campo;2903508;0;;2020-03-23;;0;17211,0;True;city;BA
Biritinga;2903607;0;;2020-03-23;;0;15979,0;True;city;BA
Boa Nova;2903706;0;;2020-03-23;;0;12633,0;True;city;BA
Boa Vista do Tupim;2903805;0;;2020-03-23;;0;18576,0;True;city;BA
Bom Jesus da Lapa;2903904;0;;2020-03-23;;0;69148,0;True;city;BA
Bom Jesus da Serra;2903953;0;;2020-03-23;;0;9880,0;True;city;BA
Boninal;2904001;0;;2020-03-23;;0;14368,0;True;city;BA
Bonito;2904050;0;;2020-03-23;;0;16764,0;True;city;BA
Boquira;2904100;0;;2020-03-23;;0;21508,0;True;city;BA
Botuporã;2904209;0;;2020-03-23;;0;10211,0;True;city;BA
Brejões;2904308;0;;2020-03-23;;0;14295,0;True;city;BA
Brejolândia;2904407;0;;2020-03-23;;0;10557,0;True;city;BA
Brotas de Macaúbas;2904506;0;;2020-03-23;;0;10231,0;True;city;BA
Brumado;2904605;1;1,48821;2020-03-23;;0;67195,0;True;city;BA
Buerarema;2904704;0;;2020-03-23;;0;18349,0;True;city;BA
Buritirama;2904753;0;;2020-03-23;;0;21174,0;True;city;BA
Caatiba;2904803;0;;2020-03-23;;0;6758,0;True;city;BA
Cabaceiras do Paraguaçu;2904852;0;;2020-03-23;;0;18807,0;True;city;BA
Cachoeira;2904902;0;;2020-03-23;;0;33470,0;True;city;BA
Caculé;2905008;0;;2020-03-23;;0;23170,0;True;city;BA
Caém;2905107;0;;2020-03-23;;0;9213,0;True;city;BA
Caetanos;2905156;0;;2020-03-23;;0;15573,0;True;city;BA
Caetité;2905206;0;;2020-03-23;;0;50975,0;True;city;BA
Cafarnaum;2905305;0;;2020-03-23;;0;18437,0;True;city;BA
Cairu;2905404;0;;2020-03-23;;0;18176,0;True;city;BA
Caldeirão Grande;2905503;0;;2020-03-23;;0;13327,0;True;city;BA
Camacan;2905602;0;;2020-03-23;;0;31988,0;True;city;BA
Camaçari;2905701;1;0,3343;2020-03-23;;0;299132,0;True;city;BA
Camamu;2905800;0;;2020-03-23;;0;35316,0;True;city;BA
Campo Alegre de Lourdes;2905909;0;;2020-03-23;;0;28798,0;True;city;BA
Campo Formoso;2906006;0;;2020-03-23;;0;71206,0;True;city;BA
Canápolis;2906105;0;;2020-03-23;;0;9711,0;True;city;BA
Canarana;2906204;0;;2020-03-23;;0;26176,0;True;city;BA
Canavieiras;2906303;0;;2020-03-23;;0;31099,0;True;city;BA
Candeal;2906402;0;;2020-03-23;;0;8258,0;True;city;BA
Candeias;2906501;0;;2020-03-23;;0;87076,0;True;city;BA
Candiba;2906600;0;;2020-03-23;;0;14319,0;True;city;BA
Cândido Sales;2906709;0;;2020-03-23;;0;25189,0;True;city;BA
Cansanção;2906808;0;;2020-03-23;;0;34834,0;True;city;BA
Canudos;2906824;0;;2020-03-23;;0;16668,0;True;city;BA
Capela do Alto Alegre;2906857;0;;2020-03-23;;0;11637,0;True;city;BA
Capim Grosso;2906873;0;;2020-03-23;;0;30662,0;True;city;BA
Caraíbas;2906899;0;;2020-03-23;;0;8951,0;True;city;BA
Caravelas;2906907;0;;2020-03-23;;0;22016,0;True;city;BA
Cardeal da Silva;2907004;0;;2020-03-23;;0;9295,0;True;city;BA
Carinhanha;2907103;0;;2020-03-23;;0;29018,0;True;city;BA
Casa Nova;2907202;0;;2020-03-23;;0;71969,0;True;city;BA
Castro Alves;2907301;0;;2020-03-23;;0;26264,0;True;city;BA
Catolândia;2907400;0;;2020-03-23;;0;3577,0;True;city;BA
Catu;2907509;0;;2020-03-23;;0;54704,0;True;city;BA
Caturama;2907558;0;;2020-03-23;;0;9329,0;True;city;BA
Central;2907608;0;;2020-03-23;;0;17266,0;True;city;BA
Chorrochó;2907707;0;;2020-03-23;;0;11177,0;True;city;BA
Cícero Dantas;2907806;0;;2020-03-23;;0;32515,0;True;city;BA
Cipó;2907905;0;;2020-03-23;;0;17300,0;True;city;BA
Coaraci;2908002;0;;2020-03-23;;0;16993,0;True;city;BA
Cocos;2908101;0;;2020-03-23;;0;18777,0;True;city;BA
Conceição da Feira;2908200;0;;2020-03-23;;0;22581,0;True;city;BA
Conceição do Almeida;2908309;0;;2020-03-23;;0;17247,0;True;city;BA
Conceição do Coité;2908408;0;;2020-03-23;;0;66612,0;True;city;BA
Conceição do Jacuípe;2908507;1;3,01632;2020-03-23;;0;33153,0;True;city;BA
Conde;2908606;0;;2020-03-23;;0;25837,0;True;city;BA
Condeúba;2908705;0;;2020-03-23;;0;17247,0;True;city;BA
Contendas do Sincorá;2908804;0;;2020-03-23;;0;4066,0;True;city;BA
Coração de Maria;2908903;0;;2020-03-23;;0;22605,0;True;city;BA
Cordeiros;2909000;0;;2020-03-23;;0;8614,0;True;city;BA
Coribe;2909109;0;;2020-03-23;;0;14194,0;True;city;BA
Coronel João Sá;2909208;0;;2020-03-23;;0;15895,0;True;city;BA
Correntina;2909307;0;;2020-03-23;;0;32137,0;True;city;BA
Cotegipe;2909406;0;;2020-03-23;;0;13782,0;True;city;BA
Cravolândia;2909505;0;;2020-03-23;;0;5349,0;True;city;BA
Crisópolis;2909604;0;;2020-03-23;;0;21103,0;True;city;BA
Cristópolis;2909703;0;;2020-03-23;;0;13910,0;True;city;BA
Cruz das Almas;2909802;0;;2020-03-23;;0;63239,0;True;city;BA
Curaçá;2909901;0;;2020-03-23;;0;34700,0;True;city;BA
Dário Meira;2910008;0;;2020-03-23;;0;10710,0;True;city;BA
Dias d'Ávila;2910057;0;;2020-03-23;;0;81089,0;True;city;BA
Dom Basílio;2910107;0;;2020-03-23;;0;12199,0;True;city;BA
Dom Macedo Costa;2910206;0;;2020-03-23;;0;4058,0;True;city;BA
Elísio Medrado;2910305;0;;2020-03-23;;0;8122,0;True;city;BA
Encruzilhada;2910404;0;;2020-03-23;;0;17006,0;True;city;BA
Entre Rios;2910503;0;;2020-03-23;;0;41780,0;True;city;BA
Érico Cardoso;2900504;0;;2020-03-23;;0;10610,0;True;city;BA
Esplanada;2910602;0;;2020-03-23;;0;37237,0;True;city;BA
Euclides da Cunha;2910701;0;;2020-03-23;;0;60585,0;True;city;BA
Eunápolis;2910727;0;;2020-03-23;;0;113380,0;True;city;BA
Fátima;2910750;0;;2020-03-23;;0;17890,0;True;city;BA
Feira da Mata;2910776;0;;2020-03-23;;0;5665,0;True;city;BA
Feira de Santana;2910800;6;0,97581;2020-03-23;;0;614872,0;True;city;BA
Filadélfia;2910859;0;;2020-03-23;;0;16377,0;True;city;BA
Firmino Alves;2910909;0;;2020-03-23;;0;5617,0;True;city;BA
Floresta Azul;2911006;0;;2020-03-23;;0;10629,0;True;city;BA
Formosa do Rio Preto;2911105;0;;2020-03-23;;0;25591,0;True;city;BA
Gandu;2911204;0;;2020-03-23;;0;32403,0;True;city;BA
Gavião;2911253;0;;2020-03-23;;0;4463,0;True;city;BA
Gentio do Ouro;2911303;0;;2020-03-23;;0;11233,0;True;city;BA
Glória;2911402;0;;2020-03-23;;0;15221,0;True;city;BA
Gongogi;2911501;0;;2020-03-23;;0;7128,0;True;city;BA
Governador Mangabeira;2911600;0;;2020-03-23;;0;20722,0;True;city;BA
Guajeru;2911659;0;;2020-03-23;;0;6937,0;True;city;BA
Guanambi;2911709;0;;2020-03-23;;0;84481,0;True;city;BA
Guaratinga;2911808;0;;2020-03-23;;0;20843,0;True;city;BA
Heliópolis;2911857;0;;2020-03-23;;0;13031,0;True;city;BA
Iaçu;2911907;0;;2020-03-23;;0;24305,0;True;city;BA
Ibiassucê;2912004;0;;2020-03-23;;0;9224,0;True;city;BA
Ibicaraí;2912103;0;;2020-03-23;;0;21689,0;True;city;BA
Ibicoara;2912202;0;;2020-03-23;;0;19571,0;True;city;BA
Ibicuí;2912301;0;;2020-03-23;;0;16198,0;True;city;BA
Ibipeba;2912400;0;;2020-03-23;;0;18211,0;True;city;BA
Ibipitanga;2912509;0;;2020-03-23;;0;14902,0;True;city;BA
Ibiquera;2912608;0;;2020-03-23;;0;4044,0;True;city;BA
Ibirapitanga;2912707;0;;2020-03-23;;0;23375,0;True;city;BA
Ibirapuã;2912806;0;;2020-03-23;;0;8637,0;True;city;BA
Ibirataia;2912905;0;;2020-03-23;;0;15312,0;True;city;BA
Ibitiara;2913002;0;;2020-03-23;;0;16339,0;True;city;BA
Ibititá;2913101;0;;2020-03-23;;0;17113,0;True;city;BA
Ibotirama;2913200;0;;2020-03-23;;0;26927,0;True;city;BA
Ichu;2913309;0;;2020-03-23;;0;6206,0;True;city;BA
Igaporã;2913408;0;;2020-03-23;;0;15640,0;True;city;BA
Igrapiúna;2913457;0;;2020-03-23;;0;13226,0;True;city;BA
Iguaí;2913507;0;;2020-03-23;;0;26916,0;True;city;BA
Ilhéus;2913606;0;;2020-03-23;;0;162327,0;True;city;BA
Importados;;0;;2020-03-23;;0;;True;city;BA
Inhambupe;2913705;0;;2020-03-23;;0;39926,0;True;city;BA
Ipecaetá;2913804;0;;2020-03-23;;0;14487,0;True;city;BA
Ipiaú;2913903;0;;2020-03-23;;0;45873,0;True;city;BA
Ipirá;2914000;0;;2020-03-23;;0;59595,0;True;city;BA
Ipupiara;2914109;0;;2020-03-23;;0;9865,0;True;city;BA
Irajuba;2914208;0;;2020-03-23;;0;7260,0;True;city;BA
Iramaia;2914307;0;;2020-03-23;;0;8537,0;True;city;BA
Iraquara;2914406;0;;2020-03-23;;0;25216,0;True;city;BA
Irará;2914505;0;;2020-03-23;;0;29034,0;True;city;BA
Irecê;2914604;0;;2020-03-23;;0;72967,0;True;city;BA
Itabela;2914653;0;;2020-03-23;;0;30584,0;True;city;BA
Itaberaba;2914703;0;;2020-03-23;;0;64489,0;True;city;BA
Itabuna;2914802;1;0,46899;2020-03-23;;0;213223,0;True;city;BA
Itacaré;2914901;0;;2020-03-23;;0;28296,0;True;city;BA
Itaeté;2915007;0;;2020-03-23;;0;16056,0;True;city;BA
Itagi;2915106;0;;2020-03-23;;0;12351,0;True;city;BA
Itagibá;2915205;0;;2020-03-23;;0;14579,0;True;city;BA
Itagimirim;2915304;0;;2020-03-23;;0;6869,0;True;city;BA
Itaguaçu da Bahia;2915353;0;;2020-03-23;;0;14429,0;True;city;BA
Itaju do Colônia;2915403;0;;2020-03-23;;0;6682,0;True;city;BA
Itajuípe;2915502;0;;2020-03-23;;0;20491,0;True;city;BA
Itamaraju;2915601;0;;2020-03-23;;0;64486,0;True;city;BA
Itamari;2915700;0;;2020-03-23;;0;8035,0;True;city;BA
Itambé;2915809;0;;2020-03-23;;0;23049,0;True;city;BA
Itanagra;2915908;0;;2020-03-23;;0;6441,0;True;city;BA
Itanhém;2916005;0;;2020-03-23;;0;19405,0;True;city;BA
Itaparica;2916104;0;;2020-03-23;;0;22228,0;True;city;BA
Itapé;2916203;0;;2020-03-23;;0;8761,0;True;city;BA
Itapebi;2916302;0;;2020-03-23;;0;10259,0;True;city;BA
Itapetinga;2916401;0;;2020-03-23;;0;76147,0;True;city;BA
Itapicuru;2916500;0;;2020-03-23;;0;35576,0;True;city;BA
Itapitanga;2916609;0;;2020-03-23;;0;10313,0;True;city;BA
Itaquara;2916708;0;;2020-03-23;;0;8319,0;True;city;BA
Itarantim;2916807;0;;2020-03-23;;0;19747,0;True;city;BA
Itatim;2916856;0;;2020-03-23;;0;14487,0;True;city;BA
Itiruçu;2916906;0;;2020-03-23;;0;12576,0;True;city;BA
Itiúba;2917003;0;;2020-03-23;;0;36089,0;True;city;BA
Itororó;2917102;0;;2020-03-23;;0;20382,0;True;city;BA
Ituaçu;2917201;0;;2020-03-23;;0;18962,0;True;city;BA
Ituberá;2917300;0;;2020-03-23;;0;28602,0;True;city;BA
Iuiú;2917334;0;;2020-03-23;;0;10994,0;True;city;BA
Jaborandi;2917359;0;;2020-03-23;;0;8385,0;True;city;BA
Jacaraci;2917409;0;;2020-03-23;;0;14842,0;True;city;BA
Jacobina;2917508;0;;2020-03-23;;0;80518,0;True;city;BA
Jaguaquara;2917607;0;;2020-03-23;;0;54423,0;True;city;BA
Jaguarari;2917706;0;;2020-03-23;;0;33570,0;True;city;BA
Jaguaripe;2917805;0;;2020-03-23;;0;18788,0;True;city;BA
Jandaíra;2917904;0;;2020-03-23;;0;10709,0;True;city;BA
Jequié;2918001;1;0,64117;2020-03-23;;0;155966,0;True;city;BA
Jeremoabo;2918100;0;;2020-03-23;;0;40463,0;True;city;BA
Jiquiriçá;2918209;0;;2020-03-23;;0;14537,0;True;city;BA
Jitaúna;2918308;0;;2020-03-23;;0;11166,0;True;city;BA
João Dourado;2918357;0;;2020-03-23;;0;25188,0;True;city;BA
Juazeiro;2918407;1;0,46145;2020-03-23;;0;216707,0;True;city;BA
Jucuruçu;2918456;0;;2020-03-23;;0;9126,0;True;city;BA
Jussara;2918506;0;;2020-03-23;;0;15284,0;True;city;BA
Jussari;2918555;0;;2020-03-23;;0;5833,0;True;city;BA
Jussiape;2918605;0;;2020-03-23;;0;6186,0;True;city;BA
Lafaiete Coutinho;2918704;0;;2020-03-23;;0;3724,0;True;city;BA
Lagoa Real;2918753;0;;2020-03-23;;0;15665,0;True;city;BA
Laje;2918803;0;;2020-03-23;;0;23840,0;True;city;BA
Lajedão;2918902;0;;2020-03-23;;0;3955,0;True;city;BA
Lajedinho;2919009;0;;2020-03-23;;0;3783,0;True;city;BA
Lajedo do Tabocal;2919058;0;;2020-03-23;;0;8562,0;True;city;BA
Lamarão;2919108;0;;2020-03-23;;0;8307,0;True;city;BA
Lapão;2919157;0;;2020-03-23;;0;27223,0;True;city;BA
Lauro de Freitas;2919207;3;1,51179;2020-03-23;;0;198440,0;True;city;BA
Lençóis;2919306;0;;2020-03-23;;0;11409,0;True;city;BA
Licínio de Almeida;2919405;0;;2020-03-23;;0;12388,0;True;city;BA
Livramento de Nossa Senhora;2919504;0;;2020-03-23;;0;45732,0;True;city;BA
Luís Eduardo Magalhães;2919553;0;;2020-03-23;;0;87519,0;True;city;BA
Macajuba;2919603;0;;2020-03-23;;0;11348,0;True;city;BA
Macarani;2919702;0;;2020-03-23;;0;18755,0;True;city;BA
Macaúbas;2919801;0;;2020-03-23;;0;49826,0;True;city;BA
Macururé;2919900;0;;2020-03-23;;0;7824,0;True;city;BA
Madre de Deus;2919926;0;;2020-03-23;;0;21093,0;True;city;BA
Maetinga;2919959;0;;2020-03-23;;0;3161,0;True;city;BA
Maiquinique;2920007;0;;2020-03-23;;0;10112,0;True;city;BA
Mairi;2920106;0;;2020-03-23;;0;18676,0;True;city;BA
Malhada;2920205;0;;2020-03-23;;0;16845,0;True;city;BA
Malhada de Pedras;2920304;0;;2020-03-23;;0;8393,0;True;city;BA
Manoel Vitorino;2920403;0;;2020-03-23;;0;13240,0;True;city;BA
Mansidão;2920452;0;;2020-03-23;;0;13643,0;True;city;BA
Maracás;2920502;0;;2020-03-23;;0;20834,0;True;city;BA
Maragogipe;2920601;0;;2020-03-23;;0;44677,0;True;city;BA
Maraú;2920700;0;;2020-03-23;;0;20570,0;True;city;BA
Marcionílio Souza;2920809;0;;2020-03-23;;0;10406,0;True;city;BA
Mascote;2920908;0;;2020-03-23;;0;13822,0;True;city;BA
Mata de São João;2921005;0;;2020-03-23;;0;46583,0;True;city;BA
Matina;2921054;0;;2020-03-23;;0;12201,0;True;city;BA
Medeiros Neto;2921104;0;;2020-03-23;;0;22688,0;True;city;BA
Miguel Calmon;2921203;0;;2020-03-23;;0;26023,0;True;city;BA
Milagres;2921302;0;;2020-03-23;;0;10950,0;True;city;BA
Mirangaba;2921401;0;;2020-03-23;;0;18338,0;True;city;BA
Mirante;2921450;0;;2020-03-23;;0;8641,0;True;city;BA
Monte Santo;2921500;0;;2020-03-23;;0;49418,0;True;city;BA
Morpará;2921609;0;;2020-03-23;;0;8519,0;True;city;BA
Morro do Chapéu;2921708;0;;2020-03-23;;0;35413,0;True;city;BA
Mortugaba;2921807;0;;2020-03-23;;0;12042,0;True;city;BA
Mucugê;2921906;0;;2020-03-23;;0;9062,0;True;city;BA
Mucuri;2922003;0;;2020-03-23;;0;41748,0;True;city;BA
Mulungu do Morro;2922052;0;;2020-03-23;;0;10889,0;True;city;BA
Mundo Novo;2922102;0;;2020-03-23;;0;26776,0;True;city;BA
Muniz Ferreira;2922201;0;;2020-03-23;;0;7422,0;True;city;BA
Muquém de São Francisco;2922250;0;;2020-03-23;;0;11348,0;True;city;BA
Muritiba;2922300;0;;2020-03-23;;0;29399,0;True;city;BA
Mutuípe;2922409;0;;2020-03-23;;0;22221,0;True;city;BA
Nazaré;2922508;0;;2020-03-23;;0;28525,0;True;city;BA
Nilo Peçanha;2922607;0;;2020-03-23;;0;13997,0;True;city;BA
Nordestina;2922656;0;;2020-03-23;;0;13130,0;True;city;BA
Nova Canaã;2922706;0;;2020-03-23;;0;16462,0;True;city;BA
Nova Fátima;2922730;0;;2020-03-23;;0;7812,0;True;city;BA
Nova Ibiá;2922755;0;;2020-03-23;;0;6591,0;True;city;BA
Nova Itarana;2922805;0;;2020-03-23;;0;8226,0;True;city;BA
Nova Redenção;2922854;0;;2020-03-23;;0;9118,0;True;city;BA
Nova Soure;2922904;0;;2020-03-23;;0;26947,0;True;city;BA
Nova Viçosa;2923001;0;;2020-03-23;;0;43376,0;True;city;BA
Novo Horizonte;2923035;0;;2020-03-23;;0;12385,0;True;city;BA
Novo Triunfo;2923050;0;;2020-03-23;;0;15440,0;True;city;BA
Olindina;2923100;0;;2020-03-23;;0;28229,0;True;city;BA
Oliveira dos Brejinhos;2923209;0;;2020-03-23;;0;21825,0;True;city;BA
Ouriçangas;2923308;0;;2020-03-23;;0;8564,0;True;city;BA
Ourolândia;2923357;0;;2020-03-23;;0;17451,0;True;city;BA
Palmas de Monte Alto;2923407;0;;2020-03-23;;0;21750,0;True;city;BA
Palmeiras;2923506;0;;2020-03-23;;0;9019,0;True;city;BA
Paramirim;2923605;0;;2020-03-23;;0;21607,0;True;city;BA
Paratinga;2923704;0;;2020-03-23;;0;32000,0;True;city;BA
Paripiranga;2923803;0;;2020-03-23;;0;28989,0;True;city;BA
Pau Brasil;2923902;0;;2020-03-23;;0;9831,0;True;city;BA
Paulo Afonso;2924009;0;;2020-03-23;;0;117782,0;True;city;BA
Pé de Serra;2924058;0;;2020-03-23;;0;13578,0;True;city;BA
Pedrão;2924108;0;;2020-03-23;;0;7347,0;True;city;BA
Pedro Alexandre;2924207;0;;2020-03-23;;0;16667,0;True;city;BA
Piatã;2924306;0;;2020-03-23;;0;17123,0;True;city;BA
Pilão Arcado;2924405;0;;2020-03-23;;0;35048,0;True;city;BA
Pindaí;2924504;0;;2020-03-23;;0;16260,0;True;city;BA
Pindobaçu;2924603;0;;2020-03-23;;0;20150,0;True;city;BA
Pintadas;2924652;0;;2020-03-23;;0;10437,0;True;city;BA
Piraí do Norte;2924678;0;;2020-03-23;;0;10023,0;True;city;BA
Piripá;2924702;0;;2020-03-23;;0;10707,0;True;city;BA
Piritiba;2924801;0;;2020-03-23;;0;24755,0;True;city;BA
Planaltino;2924900;0;;2020-03-23;;0;9322,0;True;city;BA
Planalto;2925006;0;;2020-03-23;;0;26265,0;True;city;BA
Poções;2925105;0;;2020-03-23;;0;46871,0;True;city;BA
Pojuca;2925204;0;;2020-03-23;;0;39519,0;True;city;BA
Ponto Novo;2925253;0;;2020-03-23;;0;14914,0;True;city;BA
Porto Seguro;2925303;8;5,38047;2020-03-23;;0;148686,0;True;city;BA
Potiraguá;2925402;0;;2020-03-23;;0;7224,0;True;city;BA
Prado;2925501;2;7,09874;2020-03-23;;0;28174,0;True;city;BA
Presidente Dutra;2925600;0;;2020-03-23;;0;15142,0;True;city;BA
Presidente Jânio Quadros;2925709;0;;2020-03-23;;0;12338,0;True;city;BA
Presidente Tancredo Neves;2925758;0;;2020-03-23;;0;27719,0;True;city;BA
Queimadas;2925808;0;;2020-03-23;;0;25439,0;True;city;BA
Quijingue;2925907;0;;2020-03-23;;0;27580,0;True;city;BA
Quixabeira;2925931;0;;2020-03-23;;0;8972,0;True;city;BA
Rafael Jambeiro;2925956;0;;2020-03-23;;0;22621,0;True;city;BA
Remanso;2926004;0;;2020-03-23;;0;41008,0;True;city;BA
Retirolândia;2926103;0;;2020-03-23;;0;14396,0;True;city;BA
Riachão das Neves;2926202;0;;2020-03-23;;0;22339,0;True;city;BA
Riachão do Jacuípe;2926301;0;;2020-03-23;;0;33436,0;True;city;BA
Riacho de Santana;2926400;0;;2020-03-23;;0;35421,0;True;city;BA
Ribeira do Amparo;2926509;0;;2020-03-23;;0;14592,0;True;city;BA
Ribeira do Pombal;2926608;0;;2020-03-23;;0;53807,0;True;city;BA
Ribeirão do Largo;2926657;0;;2020-03-23;;0;5812,0;True;city;BA
Rio de Contas;2926707;0;;2020-03-23;;0;12989,0;True;city;BA
Rio do Antônio;2926806;0;;2020-03-23;;0;15371,0;True;city;BA
Rio do Pires;2926905;0;;2020-03-23;;0;11655,0;True;city;BA
Rio Real;2927002;0;;2020-03-23;;0;40732,0;True;city;BA
Rodelas;2927101;0;;2020-03-23;;0;9331,0;True;city;BA
Ruy Barbosa;2927200;0;;2020-03-23;;0;30814,0;True;city;BA
Salinas da Margarida;2927309;0;;2020-03-23;;0;15667,0;True;city;BA
Salvador;2927408;37;1,28815;2020-03-23;;0;2872347,0;True;city;BA
Santa Bárbara;2927507;0;;2020-03-23;;0;20791,0;True;city;BA
Santa Brígida;2927606;0;;2020-03-23;;0;14213,0;True;city;BA
Santa Cruz Cabrália;2927705;0;;2020-03-23;;0;27778,0;True;city;BA
Santa Cruz da Vitória;2927804;0;;2020-03-23;;0;6315,0;True;city;BA
Santa Inês;2927903;0;;2020-03-23;;0;10631,0;True;city;BA
Santaluz;2928000;0;;2020-03-23;;0;37348,0;True;city;BA
Santa Luzia;2928059;0;;2020-03-23;;0;12597,0;True;city;BA
Santa Maria da Vitória;2928109;0;;2020-03-23;;0;39845,0;True;city;BA
Santana;2928208;0;;2020-03-23;;0;26614,0;True;city;BA
Santanópolis;2928307;0;;2020-03-23;;0;8943,0;True;city;BA
Santa Rita de Cássia;2928406;0;;2020-03-23;;0;28338,0;True;city;BA
Santa Teresinha;2928505;0;;2020-03-23;;0;10405,0;True;city;BA
Santo Amaro;2928604;0;;2020-03-23;;0;60069,0;True;city;BA
Santo Antônio de Jesus;2928703;0;;2020-03-23;;0;101512,0;True;city;BA
Santo Estêvão;2928802;0;;2020-03-23;;0;52850,0;True;city;BA
São Desidério;2928901;0;;2020-03-23;;0;33742,0;True;city;BA
São Domingos;2928950;0;;2020-03-23;;0;9058,0;True;city;BA
São Felipe;2929107;0;;2020-03-23;;0;21074,0;True;city;BA
São Félix;2929008;0;;2020-03-23;;0;14740,0;True;city;BA
São Félix do Coribe;2929057;0;;2020-03-23;;0;15391,0;True;city;BA
São Francisco do Conde;2929206;0;;2020-03-23;;0;39802,0;True;city;BA
São Gabriel;2929255;0;;2020-03-23;;0;18793,0;True;city;BA
São Gonçalo dos Campos;2929305;0;;2020-03-23;;0;37550,0;True;city;BA
São José da Vitória;2929354;0;;2020-03-23;;0;5657,0;True;city;BA
São José do Jacuípe;2929370;0;;2020-03-23;;0;10462,0;True;city;BA
São Miguel das Matas;2929404;0;;2020-03-23;;0;11675,0;True;city;BA
São Sebastião do Passé;2929503;0;;2020-03-23;;0;44300,0;True;city;BA
Sapeaçu;2929602;0;;2020-03-23;;0;17398,0;True;city;BA
Sátiro Dias;2929701;0;;2020-03-23;;0;17273,0;True;city;BA
Saubara;2929750;0;;2020-03-23;;0;12043,0;True;city;BA
Saúde;2929800;0;;2020-03-23;;0;12913,0;True;city;BA
Seabra;2929909;0;;2020-03-23;;0;44091,0;True;city;BA
Sebastião Laranjeiras;2930006;0;;2020-03-23;;0;11434,0;True;city;BA
Senhor do Bonfim;2930105;0;;2020-03-23;;0;79015,0;True;city;BA
Sento Sé;2930204;0;;2020-03-23;;0;40684,0;True;city;BA
Serra do Ramalho;2930154;0;;2020-03-23;;0;31472,0;True;city;BA
Serra Dourada;2930303;0;;2020-03-23;;0;17386,0;True;city;BA
Serra Preta;2930402;0;;2020-03-23;;0;14878,0;True;city;BA
Serrinha;2930501;0;;2020-03-23;;0;80861,0;True;city;BA
Serrolândia;2930600;0;;2020-03-23;;0;13397,0;True;city;BA
Simões Filho;2930709;0;;2020-03-23;;0;134377,0;True;city;BA
Sítio do Mato;2930758;0;;2020-03-23;;0;13012,0;True;city;BA
Sítio do Quinto;2930766;0;;2020-03-23;;0;9986,0;True;city;BA
Sobradinho;2930774;0;;2020-03-23;;0;23191,0;True;city;BA
Souto Soares;2930808;0;;2020-03-23;;0;16979,0;True;city;BA
Tabocas do Brejo Velho;2930907;0;;2020-03-23;;0;12518,0;True;city;BA
Tanhaçu;2931004;0;;2020-03-23;;0;20403,0;True;city;BA
Tanque Novo;2931053;0;;2020-03-23;;0;17366,0;True;city;BA
Tanquinho;2931103;0;;2020-03-23;;0;7918,0;True;city;BA
Taperoá;2931202;0;;2020-03-23;;0;21074,0;True;city;BA
Tapiramutá;2931301;0;;2020-03-23;;0;17010,0;True;city;BA
Teixeira de Freitas;2931350;0;;2020-03-23;;0;160487,0;True;city;BA
Teodoro Sampaio;2931400;0;;2020-03-23;;0;7425,0;True;city;BA
Teofilândia;2931509;0;;2020-03-23;;0;22518,0;True;city;BA
Teolândia;2931608;0;;2020-03-23;;0;14943,0;True;city;BA
Terra Nova;2931707;0;;2020-03-23;;0;13033,0;True;city;BA
Tremedal;2931806;0;;2020-03-23;;0;16394,0;True;city;BA
Tucano;2931905;0;;2020-03-23;;0;50687,0;True;city;BA
Uauá;2932002;0;;2020-03-23;;0;24240,0;True;city;BA
Ubaíra;2932101;0;;2020-03-23;;0;19895,0;True;city;BA
Ubaitaba;2932200;0;;2020-03-23;;0;19056,0;True;city;BA
Ubatã;2932309;0;;2020-03-23;;0;27035,0;True;city;BA
Uibaí;2932408;0;;2020-03-23;;0;13887,0;True;city;BA
Umburanas;2932457;0;;2020-03-23;;0;19222,0;True;city;BA
Una;2932507;0;;2020-03-23;;0;19002,0;True;city;BA
Urandi;2932606;0;;2020-03-23;;0;16658,0;True;city;BA
Uruçuca;2932705;0;;2020-03-23;;0;20519,0;True;city;BA
Utinga;2932804;0;;2020-03-23;;0;19178,0;True;city;BA
Valença;2932903;0;;2020-03-23;;0;96562,0;True;city;BA
Valente;2933000;0;;2020-03-23;;0;28473,0;True;city;BA
Várzea da Roça;2933059;0;;2020-03-23;;0;14104,0;True;city;BA
Várzea do Poço;2933109;0;;2020-03-23;;0;9170,0;True;city;BA
Várzea Nova;2933158;0;;2020-03-23;;0;12697,0;True;city;BA
Varzedo;2933174;0;;2020-03-23;;0;8838,0;True;city;BA
Vera Cruz;2933208;0;;2020-03-23;;0;43223,0;True;city;BA
Vereda;2933257;0;;2020-03-23;;0;6205,0;True;city;BA
Vitória da Conquista;2933307;0;;2020-03-23;;0;341597,0;True;city;BA
Wagner;2933406;0;;2020-03-23;;0;9345,0;True;city;BA
Wanderley;2933455;0;;2020-03-23;;0;12238,0;True;city;BA
Wenceslau Guimarães;2933505;0;;2020-03-23;;0;21101,0;True;city;BA
Xique-Xique;2933604;0;;2020-03-23;;0;46483,0;True;city;BA
;29;63;0,42358;2020-03-23;;0;14873064,0;True;state;BA
Abaiara;2300101;0;;2020-03-23;;0;11737,0;True;city;CE
Acarape;2300150;0;;2020-03-23;;0;14929,0;True;city;CE
Acaraú;2300200;0;;2020-03-23;;0;62641,0;True;city;CE
Acopiara;2300309;0;;2020-03-23;;0;54270,0;True;city;CE
Aiuaba;2300408;0;;2020-03-23;;0;17399,0;True;city;CE
Alcântaras;2300507;0;;2020-03-23;;0;11714,0;True;city;CE
Altaneira;2300606;0;;2020-03-23;;0;7586,0;True;city;CE
Alto Santo;2300705;0;;2020-03-23;;0;17146,0;True;city;CE
Amontada;2300754;0;;2020-03-23;;0;43452,0;True;city;CE
Antonina do Norte;2300804;0;;2020-03-23;;0;7353,0;True;city;CE
Apuiarés;2300903;0;;2020-03-23;;0;14600,0;True;city;CE
Aquiraz;2301000;6;7,47468;2020-03-23;;0;80271,0;True;city;CE
Aracati;2301109;0;;2020-03-23;;0;74547,0;True;city;CE
Aracoiaba;2301208;0;;2020-03-23;;0;26469,0;True;city;CE
Ararendá;2301257;0;;2020-03-23;;0;10935,0;True;city;CE
Araripe;2301307;0;;2020-03-23;;0;21600,0;True;city;CE
Aratuba;2301406;0;;2020-03-23;;0;11847,0;True;city;CE
Arneiroz;2301505;0;;2020-03-23;;0;7840,0;True;city;CE
Assaré;2301604;0;;2020-03-23;;0;23417,0;True;city;CE
Aurora;2301703;0;;2020-03-23;;0;24654,0;True;city;CE
Baixio;2301802;0;;2020-03-23;;0;6288,0;True;city;CE
Banabuiú;2301851;0;;2020-03-23;;0;18197,0;True;city;CE
Barbalha;2301901;0;;2020-03-23;;0;59732,0;True;city;CE
Barreira;2301950;0;;2020-03-23;;0;22425,0;True;city;CE
Barro;2302008;0;;2020-03-23;;0;22680,0;True;city;CE
Barroquinha;2302057;0;;2020-03-23;;0;15017,0;True;city;CE
Baturité;2302107;0;;2020-03-23;;0;35750,0;True;city;CE
Beberibe;2302206;0;;2020-03-23;;0;53573,0;True;city;CE
Bela Cruz;2302305;0;;2020-03-23;;0;32591,0;True;city;CE
Boa Viagem;2302404;0;;2020-03-23;;0;54470,0;True;city;CE
Brejo Santo;2302503;0;;2020-03-23;;0;49477,0;True;city;CE
Camocim;2302602;0;;2020-03-23;;0;63661,0;True;city;CE
Campos Sales;2302701;0;;2020-03-23;;0;27426,0;True;city;CE
Canindé;2302800;0;;2020-03-23;;0;76997,0;True;city;CE
Capistrano;2302909;0;;2020-03-23;;0;17738,0;True;city;CE
Caridade;2303006;0;;2020-03-23;;0;22547,0;True;city;CE
Cariré;2303105;0;;2020-03-23;;0;18448,0;True;city;CE
Caririaçu;2303204;0;;2020-03-23;;0;26965,0;True;city;CE
Cariús;2303303;0;;2020-03-23;;0;18699,0;True;city;CE
Carnaubal;2303402;0;;2020-03-23;;0;17606,0;True;city;CE
Cascavel;2303501;0;;2020-03-23;;0;71743,0;True;city;CE
Catarina;2303600;0;;2020-03-23;;0;20698,0;True;city;CE
Catunda;2303659;0;;2020-03-23;;0;10342,0;True;city;CE
Caucaia;2303709;0;;2020-03-23;;0;361400,0;True;city;CE
Cedro;2303808;0;;2020-03-23;;0;25557,0;True;city;CE
Chaval;2303907;0;;2020-03-23;;0;13069,0;True;city;CE
Choró;2303931;0;;2020-03-23;;0;13521,0;True;city;CE
Chorozinho;2303956;0;;2020-03-23;;0;20264,0;True;city;CE
Coreaú;2304004;0;;2020-03-23;;0;23136,0;True;city;CE
Crateús;2304103;0;;2020-03-23;;0;75074,0;True;city;CE
Crato;2304202;0;;2020-03-23;;0;132123,0;True;city;CE
Croatá;2304236;0;;2020-03-23;;0;18063,0;True;city;CE
Cruz;2304251;0;;2020-03-23;;0;24827,0;True;city;CE
Deputado Irapuan Pinheiro;2304269;0;;2020-03-23;;0;9625,0;True;city;CE
Ererê;2304277;0;;2020-03-23;;0;7198,0;True;city;CE
Eusébio;2304285;0;;2020-03-23;;0;53618,0;True;city;CE
Farias Brito;2304301;0;;2020-03-23;;0;19450,0;True;city;CE
Forquilha;2304350;0;;2020-03-23;;0;24218,0;True;city;CE
Fortaleza;2304400;151;5,65682;2020-03-23;;0;2669342,0;True;city;CE
Fortim;2304459;1;6,06796;2020-03-23;;0;16480,0;True;city;CE
Frecheirinha;2304509;0;;2020-03-23;;0;14072,0;True;city;CE
General Sampaio;2304608;0;;2020-03-23;;0;7618,0;True;city;CE
Graça;2304657;0;;2020-03-23;;0;14399,0;True;city;CE
Granja;2304707;0;;2020-03-23;;0;54748,0;True;city;CE
Granjeiro;2304806;0;;2020-03-23;;0;4844,0;True;city;CE
Groaíras;2304905;0;;2020-03-23;;0;11068,0;True;city;CE
Guaiúba;2304954;0;;2020-03-23;;0;26064,0;True;city;CE
Guaraciaba do Norte;2305001;0;;2020-03-23;;0;40642,0;True;city;CE
Guaramiranga;2305100;0;;2020-03-23;;0;5193,0;True;city;CE
Hidrolândia;2305209;0;;2020-03-23;;0;19978,0;True;city;CE
Horizonte;2305233;0;;2020-03-23;;0;67337,0;True;city;CE
Ibaretama;2305266;0;;2020-03-23;;0;13353,0;True;city;CE
Ibiapina;2305308;0;;2020-03-23;;0;24997,0;True;city;CE
Ibicuitinga;2305332;0;;2020-03-23;;0;12525,0;True;city;CE
Icapuí;2305357;0;;2020-03-23;;0;19934,0;True;city;CE
Icó;2305407;0;;2020-03-23;;0;68018,0;True;city;CE
Iguatu;2305506;0;;2020-03-23;;0;102498,0;True;city;CE
Importados;;2;;2020-03-23;;0;;True;city;CE
Independência;2305605;0;;2020-03-23;;0;26178,0;True;city;CE
Ipaporanga;2305654;0;;2020-03-23;;0;11593,0;True;city;CE
Ipaumirim;2305704;0;;2020-03-23;;0;12463,0;True;city;CE
Ipu;2305803;0;;2020-03-23;;0;41964,0;True;city;CE
Ipueiras;2305902;0;;2020-03-23;;0;38166,0;True;city;CE
Iracema;2306009;0;;2020-03-23;;0;14297,0;True;city;CE
Irauçuba;2306108;0;;2020-03-23;;0;24156,0;True;city;CE
Itaiçaba;2306207;0;;2020-03-23;;0;7827,0;True;city;CE
Itaitinga;2306256;0;;2020-03-23;;0;37980,0;True;city;CE
Itapajé;2306306;0;;2020-03-23;;0;52675,0;True;city;CE
Itapipoca;2306405;0;;2020-03-23;;0;129358,0;True;city;CE
Itapiúna;2306504;0;;2020-03-23;;0;20382,0;True;city;CE
Itarema;2306553;0;;2020-03-23;;0;41826,0;True;city;CE
Itatira;2306603;0;;2020-03-23;;0;21647,0;True;city;CE
Jaguaretama;2306702;0;;2020-03-23;;0;18162,0;True;city;CE
Jaguaribara;2306801;0;;2020-03-23;;0;11401,0;True;city;CE
Jaguaribe;2306900;0;;2020-03-23;;0;34682,0;True;city;CE
Jaguaruana;2307007;0;;2020-03-23;;0;33705,0;True;city;CE
Jardim;2307106;0;;2020-03-23;;0;27174,0;True;city;CE
Jati;2307205;0;;2020-03-23;;0;8111,0;True;city;CE
Jijoca de Jericoacoara;2307254;0;;2020-03-23;;0;19816,0;True;city;CE
Juazeiro do Norte;2307304;1;0,36469;2020-03-23;;0;274207,0;True;city;CE
Jucás;2307403;0;;2020-03-23;;0;24833,0;True;city;CE
Lavras da Mangabeira;2307502;0;;2020-03-23;;0;31508,0;True;city;CE
Limoeiro do Norte;2307601;0;;2020-03-23;;0;59540,0;True;city;CE
Madalena;2307635;0;;2020-03-23;;0;19691,0;True;city;CE
Maracanaú;2307650;0;;2020-03-23;;0;227886,0;True;city;CE
Maranguape;2307700;0;;2020-03-23;;0;128978,0;True;city;CE
Marco;2307809;0;;2020-03-23;;0;27361,0;True;city;CE
Martinópole;2307908;0;;2020-03-23;;0;11233,0;True;city;CE
Massapê;2308005;0;;2020-03-23;;0;38737,0;True;city;CE
Mauriti;2308104;0;;2020-03-23;;0;47962,0;True;city;CE
Meruoca;2308203;0;;2020-03-23;;0;15057,0;True;city;CE
Milagres;2308302;0;;2020-03-23;;0;27512,0;True;city;CE
Milhã;2308351;0;;2020-03-23;;0;13155,0;True;city;CE
Miraíma;2308377;0;;2020-03-23;;0;13818,0;True;city;CE
Missão Velha;2308401;0;;2020-03-23;;0;36442,0;True;city;CE
Mombaça;2308500;0;;2020-03-23;;0;43797,0;True;city;CE
Monsenhor Tabosa;2308609;0;;2020-03-23;;0;17234,0;True;city;CE
Morada Nova;2308708;0;;2020-03-23;;0;61890,0;True;city;CE
Moraújo;2308807;0;;2020-03-23;;0;8724,0;True;city;CE
Morrinhos;2308906;0;;2020-03-23;;0;22534,0;True;city;CE
Mucambo;2309003;0;;2020-03-23;;0;14537,0;True;city;CE
Mulungu;2309102;0;;2020-03-23;;0;10823,0;True;city;CE
Nova Olinda;2309201;0;;2020-03-23;;0;15565,0;True;city;CE
Nova Russas;2309300;0;;2020-03-23;;0;32328,0;True;city;CE
Novo Oriente;2309409;0;;2020-03-23;;0;28607,0;True;city;CE
Ocara;2309458;0;;2020-03-23;;0;25703,0;True;city;CE
Orós;2309508;0;;2020-03-23;;0;21427,0;True;city;CE
Pacajus;2309607;0;;2020-03-23;;0;72203,0;True;city;CE
Pacatuba;2309706;0;;2020-03-23;;0;83432,0;True;city;CE
Pacoti;2309805;0;;2020-03-23;;0;12261,0;True;city;CE
Pacujá;2309904;0;;2020-03-23;;0;6533,0;True;city;CE
Palhano;2310001;0;;2020-03-23;;0;9386,0;True;city;CE
Palmácia;2310100;0;;2020-03-23;;0;13322,0;True;city;CE
Paracuru;2310209;0;;2020-03-23;;0;35076,0;True;city;CE
Paraipaba;2310258;0;;2020-03-23;;0;32744,0;True;city;CE
Parambu;2310308;0;;2020-03-23;;0;31521,0;True;city;CE
Paramoti;2310407;0;;2020-03-23;;0;12226,0;True;city;CE
Pedra Branca;2310506;0;;2020-03-23;;0;43258,0;True;city;CE
Penaforte;2310605;0;;2020-03-23;;0;9077,0;True;city;CE
Pentecoste;2310704;0;;2020-03-23;;0;37751,0;True;city;CE
Pereiro;2310803;0;;2020-03-23;;0;16307,0;True;city;CE
Pindoretama;2310852;0;;2020-03-23;;0;20567,0;True;city;CE
Piquet Carneiro;2310902;0;;2020-03-23;;0;16959,0;True;city;CE
Pires Ferreira;2310951;0;;2020-03-23;;0;10951,0;True;city;CE
Poranga;2311009;0;;2020-03-23;;0;12336,0;True;city;CE
Porteiras;2311108;0;;2020-03-23;;0;14996,0;True;city;CE
